{"items":[{"label":"577e788d5457a3e6313068ee","uri":"https://openei.org/apps/USURDB/rate/view/577e788d5457a3e6313068ee","revisions":[1467884589,1467884856,1502202248],"approved":true,"utility":"Austin Energy","eiaid":1015,"name":"Residential","startdate":1459468800,"enddate":1483146000,"supersedes":"54b95b395357a3033a41fdf0","sector":"Residential","source":"http://austinenergy.com/wps/wcm/connect/4f5bf55e-f9a5-4997-8b00-c531065bd279/ResidentialAustin.pdf?MOD=AJPERES","sourceparent":"http://austinenergy.com","flatdemandunit":"kW","demandrateunit":"kW","energyratestructure":[[{"max":500,"unit":"kWh","rate":0.018,"adj":0.04751},{"max":1000,"unit":"kWh","rate":0.056,"adj":0.04751},{"max":1500,"unit":"kWh","rate":0.072,"adj":0.04751},{"max":2500,"unit":"kWh","rate":0.084,"adj":0.04751},{"unit":"kWh","rate":0.096,"adj":0.04751}],[{"max":500,"unit":"kWh","rate":0.033,"adj":0.04751},{"max":1000,"unit":"kWh","rate":0.08,"adj":0.04751},{"max":1500,"unit":"kWh","rate":0.091,"adj":0.04751},{"max":2500,"unit":"kWh","rate":0.11,"adj":0.04751},{"unit":"kWh","rate":0.114,"adj":0.04751}]],"energyweekdayschedule":[[0,0,0,0,0,0,0,0,0,0,0,0,0,0,0,0,0,0,0,0,0,0,0,0],[0,0,0,0,0,0,0,0,0,0,0,0,0,0,0,0,0,0,0,0,0,0,0,0],[0,0,0,0,0,0,0,0,0,0,0,0,0,0,0,0,0,0,0,0,0,0,0,0],[0,0,0,0,0,0,0,0,0,0,0,0,0,0,0,0,0,0,0,0,0,0,0,0],[0,0,0,0,0,0,0,0,0,0,0,0,0,0,0,0,0,0,0,0,0,0,0,0],[1,1,1,1,1,1,1,1,1,1,1,1,1,1,1,1,1,1,1,1,1,1,1,1],[1,1,1,1,1,1,1,1,1,1,1,1,1,1,1,1,1,1,1,1,1,1,1,1],[1,1,1,1,1,1,1,1,1,1,1,1,1,1,1,1,1,1,1,1,1,1,1,1],[1,1,1,1,1,1,1,1,1,1,1,1,1,1,1,1,1,1,1,1,1,1,1,1],[0,0,0,0,0,0,0,0,0,0,0,0,0,0,0,0,0,0,0,0,0,0,0,0],[0,0,0,0,0,0,0,0,0,0,0,0,0,0,0,0,0,0,0,0,0,0,0,0],[0,0,0,0,0,0,0,0,0,0,0,0,0,0,0,0,0,0,0,0,0,0,0,0]],"energyweekendschedule":[[0,0,0,0,0,0,0,0,0,0,0,0,0,0,0,0,0,0,0,0,0,0,0,0],[0,0,0,0,0,0,0,0,0,0,0,0,0,0,0,0,0,0,0,0,0,0,0,0],[0,0,0,0,0,0,0,0,0,0,0,0,0,0,0,0,0,0,0,0,0,0,0,0],[0,0,0,0,0,0,0,0,0,0,0,0,0,0,0,0,0,0,0,0,0,0,0,0],[0,0,0,0,0,0,0,0,0,0,0,0,0,0,0,0,0,0,0,0,0,0,0,0],[1,1,1,1,1,1,1,1,1,1,1,1,1,1,1,1,1,1,1,1,1,1,1,1],[1,1,1,1,1,1,1,1,1,1,1,1,1,1,1,1,1,1,1,1,1,1,1,1],[1,1,1,1,1,1,1,1,1,1,1,1,1,1,1,1,1,1,1,1,1,1,1,1],[1,1,1,1,1,1,1,1,1,1,1,1,1,1,1,1,1,1,1,1,1,1,1,1],[0,0,0,0,0,0,0,0,0,0,0,0,0,0,0,0,0,0,0,0,0,0,0,0],[0,0,0,0,0,0,0,0,0,0,0,0,0,0,0,0,0,0,0,0,0,0,0,0],[0,0,0,0,0,0,0,0,0,0,0,0,0,0,0,0,0,0,0,0,0,0,0,0]],"energycomments":"Adjustments = Power Supply adjustment + Regulatory charge + Community Benefit charge","fixedmonthlycharge":10}]}